mc	mn	quarterbeats	quarterbeats_all_endings	duration_qb	mc_onset	mn_onset	event	timesig	staff	voice	duration	nominal_duration	scalar	chord_id
1	1	0	0	2.0	0	0	Chord	4/4	1	1	1/2	1/2	1	0
1	1	2	2	1.0	1/2	1/2	Chord	4/4	1	1	1/4	1/4	1	1
1	1	3	3	1.0	3/4	3/4	Chord	4/4	1	1	1/4	1/4	1	2
1	1	0	0	2.0	0	0	Chord	4/4	2	1	1/2	1/2	1	3
1	1	2	2	1.0	1/2	1/2	Chord	4/4	2	1	1/4	1/4	1	4
1	1	3	3	1.0	3/4	3/4	Chord	4/4	2	1	1/4	1/4	1	5
1	1	0	0	2.0	0	0	Chord	4/4	3	1	1/2	1/2	1	6
1	1	2	2	1.0	1/2	1/2	Chord	4/4	3	1	1/4	1/4	1	7
1	1	3	3	1.0	3/4	3/4	Chord	4/4	3	1	1/4	1/4	1	8
1	1	0	0	2.0	0	0	Chord	4/4	4	1	1/2	1/2	1	9
1	1	2	2	1.0	1/2	1/2	Chord	4/4	4	1	1/4	1/4	1	10
1	1	3	3	1.0	3/4	3/4	Chord	4/4	4	1	1/4	1/4	1	11
2	2	4	4	2.0	0	0	Chord	4/4	1	1	1/2	1/2	1	12
2	2	6	6	2.0	1/2	1/2	Chord	4/4	1	1	1/2	1/2	1	13
2	2	4	4	2.0	0	0	Chord	4/4	2	1	1/2	1/2	1	14
2	2	6	6	2.0	1/2	1/2	Chord	4/4	2	1	1/2	1/2	1	15
2	2	4	4	2.0	0	0	Chord	4/4	3	1	1/2	1/2	1	16
2	2	6	6	2.0	1/2	1/2	Chord	4/4	3	1	1/2	1/2	1	17
2	2	4	4	2.0	0	0	Chord	4/4	4	1	1/2	1/2	1	18
2	2	6	6	2.0	1/2	1/2	Chord	4/4	4	1	1/2	1/2	1	19
3	3	8	8	1.0	0	0	Chord	4/4	1	1	1/4	1/4	1	20
3	3	9	9	1.0	1/4	1/4	Chord	4/4	1	1	1/4	1/4	1	21
3	3	10	10	2.0	1/2	1/2	Chord	4/4	1	1	1/2	1/2	1	22
3	3	8	8	1.0	0	0	Chord	4/4	2	1	1/4	1/4	1	23
3	3	9	9	2.0	1/4	1/4	Chord	4/4	2	1	1/2	1/2	1	24
3	3	11	11	1.0	3/4	3/4	Chord	4/4	2	1	1/4	1/4	1	25
3	3	8	8	1.0	0	0	Chord	4/4	3	1	1/4	1/4	1	26
3	3	9	9	1.0	1/4	1/4	Chord	4/4	3	1	1/4	1/4	1	27
3	3	10	10	2.0	1/2	1/2	Chord	4/4	3	1	1/2	1/2	1	28
3	3	8	8	1.0	0	0	Chord	4/4	4	1	1/4	1/4	1	29
3	3	9	9	1.0	1/4	1/4	Chord	4/4	4	1	1/4	1/4	1	30
3	3	10	10	2.0	1/2	1/2	Chord	4/4	4	1	1/2	1/2	1	31
4	4	12	12	2.0	0	0	Chord	4/4	1	1	1/2	1/2	1	32
4	4	12	12	2.0	0	0	Chord	4/4	2	1	1/2	1/2	1	33
4	4	12	12	2.0	0	0	Chord	4/4	3	1	1/2	1/2	1	34
4	4	12	12	2.0	0	0	Chord	4/4	4	1	1/2	1/2	1	35
5	5	16	16	2.0	0	0	Chord	4/4	1	1	1/2	1/2	1	36
5	5	18	18	1.0	1/2	1/2	Chord	4/4	1	1	1/4	1/4	1	37
5	5	19	19	1.0	3/4	3/4	Chord	4/4	1	1	1/4	1/4	1	38
5	5	16	16	2.0	0	0	Chord	4/4	2	1	1/2	1/2	1	39
5	5	18	18	1.0	1/2	1/2	Chord	4/4	2	1	1/4	1/4	1	40
5	5	19	19	1.0	3/4	3/4	Chord	4/4	2	1	1/4	1/4	1	41
5	5	16	16	2.0	0	0	Chord	4/4	3	1	1/2	1/2	1	42
5	5	18	18	1.0	1/2	1/2	Chord	4/4	3	1	1/4	1/4	1	43
5	5	19	19	1.0	3/4	3/4	Chord	4/4	3	1	1/4	1/4	1	44
5	5	16	16	2.0	0	0	Chord	4/4	4	1	1/2	1/2	1	45
5	5	18	18	1.0	1/2	1/2	Chord	4/4	4	1	1/4	1/4	1	46
5	5	19	19	1.0	3/4	3/4	Chord	4/4	4	1	1/4	1/4	1	47
6	6	20	20	2.0	0	0	Chord	4/4	1	1	1/2	1/2	1	48
6	6	22	22	2.0	1/2	1/2	Chord	4/4	1	1	1/2	1/2	1	49
6	6	20	20	2.0	0	0	Chord	4/4	2	1	1/2	1/2	1	50
6	6	22	22	2.0	1/2	1/2	Chord	4/4	2	1	1/2	1/2	1	51
6	6	20	20	2.0	0	0	Chord	4/4	3	1	1/2	1/2	1	52
6	6	22	22	2.0	1/2	1/2	Chord	4/4	3	1	1/2	1/2	1	53
6	6	20	20	2.0	0	0	Chord	4/4	4	1	1/2	1/2	1	54
6	6	22	22	2.0	1/2	1/2	Chord	4/4	4	1	1/2	1/2	1	55
7	7	24	24	1.0	0	0	Chord	4/4	1	1	1/4	1/4	1	56
7	7	25	25	1.0	1/4	1/4	Chord	4/4	1	1	1/4	1/4	1	57
7	7	26	26	2.0	1/2	1/2	Chord	4/4	1	1	1/2	1/2	1	58
7	7	24	24	1.0	0	0	Chord	4/4	2	1	1/4	1/4	1	59
7	7	25	25	2.0	1/4	1/4	Chord	4/4	2	1	1/2	1/2	1	60
7	7	27	27	1.0	3/4	3/4	Chord	4/4	2	1	1/4	1/4	1	61
7	7	24	24	1.0	0	0	Chord	4/4	3	1	1/4	1/4	1	62
7	7	25	25	1.0	1/4	1/4	Chord	4/4	3	1	1/4	1/4	1	63
7	7	26	26	2.0	1/2	1/2	Chord	4/4	3	1	1/2	1/2	1	64
7	7	24	24	1.0	0	0	Chord	4/4	4	1	1/4	1/4	1	65
7	7	25	25	1.0	1/4	1/4	Chord	4/4	4	1	1/4	1/4	1	66
7	7	26	26	2.0	1/2	1/2	Chord	4/4	4	1	1/2	1/2	1	67
8	8	28	28	2.0	0	0	Chord	4/4	1	1	1/2	1/2	1	68
8	8	28	28	2.0	0	0	Chord	4/4	2	1	1/2	1/2	1	69
8	8	28	28	2.0	0	0	Chord	4/4	3	1	1/2	1/2	1	70
8	8	28	28	2.0	0	0	Chord	4/4	4	1	1/2	1/2	1	71
9	9	32	32	2.0	0	0	Chord	4/4	1	1	1/2	1/2	1	72
9	9	34	34	1.0	1/2	1/2	Chord	4/4	1	1	1/4	1/4	1	73
9	9	35	35	1.0	3/4	3/4	Chord	4/4	1	1	1/4	1/4	1	74
9	9	32	32	2.0	0	0	Chord	4/4	2	1	1/2	1/2	1	75
9	9	34	34	1.0	1/2	1/2	Chord	4/4	2	1	1/4	1/4	1	76
9	9	35	35	1.0	3/4	3/4	Chord	4/4	2	1	1/4	1/4	1	77
9	9	32	32	2.0	0	0	Chord	4/4	3	1	1/2	1/2	1	78
9	9	34	34	1.0	1/2	1/2	Chord	4/4	3	1	1/4	1/4	1	79
9	9	35	35	1.0	3/4	3/4	Chord	4/4	3	1	1/4	1/4	1	80
9	9	32	32	2.0	0	0	Chord	4/4	4	1	1/2	1/2	1	81
9	9	34	34	1.0	1/2	1/2	Chord	4/4	4	1	1/4	1/4	1	82
9	9	35	35	1.0	3/4	3/4	Chord	4/4	4	1	1/4	1/4	1	83
10	10	36	36	1.0	0	0	Chord	4/4	1	1	1/4	1/4	1	84
10	10	37	37	2.0	1/4	1/4	Chord	4/4	1	1	1/2	1/2	1	85
10	10	39	39	1.0	3/4	3/4	Chord	4/4	1	1	1/4	1/4	1	86
10	10	36	36	1.0	0	0	Chord	4/4	2	1	1/4	1/4	1	87
10	10	37	37	1.0	1/4	1/4	Chord	4/4	2	1	1/4	1/4	1	88
10	10	38	38	2.0	1/2	1/2	Chord	4/4	2	1	1/2	1/2	1	89
10	10	36	36	1.0	0	0	Chord	4/4	3	1	1/4	1/4	1	90
10	10	37	37	1.0	1/4	1/4	Chord	4/4	3	1	1/4	1/4	1	91
10	10	38	38	2.0	1/2	1/2	Chord	4/4	3	1	1/2	1/2	1	92
10	10	36	36	1.0	0	0	Chord	4/4	4	1	1/4	1/4	1	93
10	10	37	37	1.0	1/4	1/4	Chord	4/4	4	1	1/4	1/4	1	94
10	10	38	38	2.0	1/2	1/2	Chord	4/4	4	1	1/2	1/2	1	95
11	11	40	40	1.0	0	0	Chord	4/4	1	1	1/4	1/4	1	96
11	11	41	41	1.0	1/4	1/4	Chord	4/4	1	1	1/4	1/4	1	97
11	11	42	42	2.0	1/2	1/2	Chord	4/4	1	1	1/2	1/2	1	98
11	11	40	40	2.0	0	0	Chord	4/4	2	1	1/2	1/2	1	99
11	11	42	42	2.0	1/2	1/2	Chord	4/4	2	1	1/2	1/2	1	100
11	11	40	40	2.0	0	0	Chord	4/4	3	1	1/2	1/2	1	101
11	11	42	42	2.0	1/2	1/2	Chord	4/4	3	1	1/2	1/2	1	102
11	11	40	40	2.0	0	0	Chord	4/4	4	1	1/2	1/2	1	103
11	11	42	42	2.0	1/2	1/2	Chord	4/4	4	1	1/2	1/2	1	104
12	12	46	46	2.0	1/2	1/2	Chord	4/4	1	1	1/2	1/2	1	105
12	12	46	46	2.0	1/2	1/2	Chord	4/4	2	1	1/2	1/2	1	106
12	12	46	46	2.0	1/2	1/2	Chord	4/4	3	1	1/2	1/2	1	107
12	12	46	46	2.0	1/2	1/2	Chord	4/4	4	1	1/2	1/2	1	108
13	13	48	48	1.0	0	0	Chord	4/4	1	1	1/4	1/4	1	109
13	13	49	49	1.0	1/4	1/4	Chord	4/4	1	1	1/4	1/4	1	110
13	13	50	50	1.0	1/2	1/2	Chord	4/4	1	1	1/4	1/4	1	111
13	13	51	51	1.0	3/4	3/4	Chord	4/4	1	1	1/4	1/4	1	112
13	13	48	48	1.0	0	0	Chord	4/4	2	1	1/4	1/4	1	113
13	13	49	49	1.0	1/4	1/4	Chord	4/4	2	1	1/4	1/4	1	114
13	13	50	50	1.0	1/2	1/2	Chord	4/4	2	1	1/4	1/4	1	115
13	13	51	51	1.0	3/4	3/4	Chord	4/4	2	1	1/4	1/4	1	116
13	13	48	48	1.0	0	0	Chord	4/4	3	1	1/4	1/4	1	117
13	13	49	49	1.0	1/4	1/4	Chord	4/4	3	1	1/4	1/4	1	118
13	13	50	50	1.0	1/2	1/2	Chord	4/4	3	1	1/4	1/4	1	119
13	13	51	51	1.0	3/4	3/4	Chord	4/4	3	1	1/4	1/4	1	120
13	13	48	48	1.0	0	0	Chord	4/4	4	1	1/4	1/4	1	121
13	13	49	49	1.0	1/4	1/4	Chord	4/4	4	1	1/4	1/4	1	122
13	13	50	50	1.0	1/2	1/2	Chord	4/4	4	1	1/4	1/4	1	123
13	13	51	51	1.0	3/4	3/4	Chord	4/4	4	1	1/4	1/4	1	124
14	14	52	52	1.0	0	0	Chord	4/4	1	1	1/4	1/4	1	125
14	14	53	53	2.0	1/4	1/4	Chord	4/4	1	1	1/2	1/2	1	126
14	14	55	55	1.0	3/4	3/4	Chord	4/4	1	1	1/4	1/4	1	127
14	14	52	52	2.0	0	0	Chord	4/4	2	1	1/2	1/2	1	128
14	14	54	54	2.0	1/2	1/2	Chord	4/4	2	1	1/2	1/2	1	129
14	14	52	52	2.0	0	0	Chord	4/4	3	1	1/2	1/2	1	130
14	14	54	54	2.0	1/2	1/2	Chord	4/4	3	1	1/2	1/2	1	131
14	14	52	52	2.0	0	0	Chord	4/4	4	1	1/2	1/2	1	132
14	14	54	54	2.0	1/2	1/2	Chord	4/4	4	1	1/2	1/2	1	133
15	15	56	56	2.0	0	0	Chord	4/4	1	1	1/2	1/2	1	134
15	15	56	56	2.0	0	0	Chord	4/4	2	1	1/2	1/2	1	135
15	15	56	56	2.0	0	0	Chord	4/4	3	1	1/2	1/2	1	136
15	15	56	56	2.0	0	0	Chord	4/4	4	1	1/2	1/2	1	137
16	16	60	60	2.0	0	0	Chord	4/4	1	1	1/2	1/2	1	138
16	16	62	62	1.0	1/2	1/2	Chord	4/4	1	1	1/4	1/4	1	139
16	16	63	63	1.0	3/4	3/4	Chord	4/4	1	1	1/4	1/4	1	140
16	16	60	60	2.0	0	0	Chord	4/4	2	1	1/2	1/2	1	141
16	16	62	62	1.0	1/2	1/2	Chord	4/4	2	1	1/4	1/4	1	142
16	16	63	63	1.0	3/4	3/4	Chord	4/4	2	1	1/4	1/4	1	143
16	16	60	60	2.0	0	0	Chord	4/4	3	1	1/2	1/2	1	144
16	16	62	62	1.0	1/2	1/2	Chord	4/4	3	1	1/4	1/4	1	145
16	16	63	63	1.0	3/4	3/4	Chord	4/4	3	1	1/4	1/4	1	146
16	16	60	60	2.0	0	0	Chord	4/4	4	1	1/2	1/2	1	147
16	16	62	62	1.0	1/2	1/2	Chord	4/4	4	1	1/4	1/4	1	148
16	16	63	63	1.0	3/4	3/4	Chord	4/4	4	1	1/4	1/4	1	149
17	17	64	64	1.0	0	0	Chord	4/4	1	1	1/4	1/4	1	150
17	17	65	65	1.0	1/4	1/4	Chord	4/4	1	1	1/4	1/4	1	151
17	17	66	66	2.0	1/2	1/2	Chord	4/4	1	1	1/2	1/2	1	152
17	17	64	64	1.0	0	0	Chord	4/4	2	1	1/4	1/4	1	153
17	17	65	65	2.0	1/4	1/4	Chord	4/4	2	1	1/2	1/2	1	154
17	17	67	67	1.0	3/4	3/4	Chord	4/4	2	1	1/4	1/4	1	155
17	17	64	64	1.0	0	0	Chord	4/4	3	1	1/4	1/4	1	156
17	17	65	65	1.0	1/4	1/4	Chord	4/4	3	1	1/4	1/4	1	157
17	17	66	66	2.0	1/2	1/2	Chord	4/4	3	1	1/2	1/2	1	158
17	17	64	64	1.0	0	0	Chord	4/4	4	1	1/4	1/4	1	159
17	17	65	65	1.0	1/4	1/4	Chord	4/4	4	1	1/4	1/4	1	160
17	17	66	66	2.0	1/2	1/2	Chord	4/4	4	1	1/2	1/2	1	161
18	18	68	68	2.0	0	0	Chord	4/4	1	1	1/2	1/2	1	162
18	18	70	70	2.0	1/2	1/2	Chord	4/4	1	1	1/2	1/2	1	163
18	18	68	68	1.0	0	0	Chord	4/4	2	1	1/4	1/4	1	164
18	18	69	69	1.0	1/4	1/4	Chord	4/4	2	1	1/4	1/4	1	165
18	18	70	70	2.0	1/2	1/2	Chord	4/4	2	1	1/2	1/2	1	166
18	18	68	68	2.0	0	0	Chord	4/4	3	1	1/2	1/2	1	167
18	18	70	70	2.0	1/2	1/2	Chord	4/4	3	1	1/2	1/2	1	168
18	18	68	68	2.0	0	0	Chord	4/4	4	1	1/2	1/2	1	169
18	18	70	70	2.0	1/2	1/2	Chord	4/4	4	1	1/2	1/2	1	170
19	19	74	74	2.0	1/2	1/2	Chord	4/4	1	1	1/2	1/2	1	171
19	19	74	74	2.0	1/2	1/2	Chord	4/4	2	1	1/2	1/2	1	172
19	19	74	74	2.0	1/2	1/2	Chord	4/4	3	1	1/2	1/2	1	173
19	19	74	74	2.0	1/2	1/2	Chord	4/4	4	1	1/2	1/2	1	174
20	20	76	76	1.0	0	0	Chord	4/4	1	1	1/4	1/4	1	175
20	20	77	77	1.0	1/4	1/4	Chord	4/4	1	1	1/4	1/4	1	176
20	20	78	78	1.0	1/2	1/2	Chord	4/4	1	1	1/4	1/4	1	177
20	20	79	79	1.0	3/4	3/4	Chord	4/4	1	1	1/4	1/4	1	178
20	20	76	76	1.0	0	0	Chord	4/4	2	1	1/4	1/4	1	179
20	20	77	77	1.0	1/4	1/4	Chord	4/4	2	1	1/4	1/4	1	180
20	20	78	78	1.0	1/2	1/2	Chord	4/4	2	1	1/4	1/4	1	181
20	20	79	79	1.0	3/4	3/4	Chord	4/4	2	1	1/4	1/4	1	182
20	20	76	76	1.0	0	0	Chord	4/4	3	1	1/4	1/4	1	183
20	20	77	77	1.0	1/4	1/4	Chord	4/4	3	1	1/4	1/4	1	184
20	20	78	78	1.0	1/2	1/2	Chord	4/4	3	1	1/4	1/4	1	185
20	20	79	79	1.0	3/4	3/4	Chord	4/4	3	1	1/4	1/4	1	186
20	20	76	76	1.0	0	0	Chord	4/4	4	1	1/4	1/4	1	187
20	20	77	77	1.0	1/4	1/4	Chord	4/4	4	1	1/4	1/4	1	188
20	20	78	78	1.0	1/2	1/2	Chord	4/4	4	1	1/4	1/4	1	189
20	20	79	79	1.0	3/4	3/4	Chord	4/4	4	1	1/4	1/4	1	190
21	21	80	80	2.0	0	0	Chord	4/4	1	1	1/2	1/2	1	191
21	21	82	82	2.0	1/2	1/2	Chord	4/4	1	1	1/2	1/2	1	192
21	21	80	80	1.0	0	0	Chord	4/4	2	1	1/4	1/4	1	193
21	21	81	81	2.0	1/4	1/4	Chord	4/4	2	1	1/2	1/2	1	194
21	21	83	83	1.0	3/4	3/4	Chord	4/4	2	1	1/4	1/4	1	195
21	21	80	80	1.0	0	0	Chord	4/4	3	1	1/4	1/4	1	196
21	21	81	81	1.0	1/4	1/4	Chord	4/4	3	1	1/4	1/4	1	197
21	21	82	82	2.0	1/2	1/2	Chord	4/4	3	1	1/2	1/2	1	198
21	21	80	80	0.5	0	0	Chord	4/4	4	1	1/8	1/8	1	199
21	21	161/2	161/2	0.5	1/8	1/8	Chord	4/4	4	1	1/8	1/8	1	200
21	21	81	81	1.0	1/4	1/4	Chord	4/4	4	1	1/4	1/4	1	201
21	21	82	82	2.0	1/2	1/2	Chord	4/4	4	1	1/2	1/2	1	202
22	22	84	84	4.0	0	0	Chord	4/4	1	1	1	1	1	203
22	22	84	84	4.0	0	0	Chord	4/4	2	1	1	1	1	204
22	22	84	84	4.0	0	0	Chord	4/4	3	1	1	1	1	205
22	22	84	84	4.0	0	0	Chord	4/4	4	1	1	1	1	206
